<?xml version="1.0" encoding="UTF-8" standalone="no"?><xmap-styles xmlns="urn:xmind:xmap:xmlns:style:2.0" xmlns:fo="http://www.w3.org/1999/XSL/Format" xmlns:svg="http://www.w3.org/2000/svg" version="2.0"><automatic-styles><style id="3vnr1hdjqjvvm12109p4qrkn59" name="" type="topic"><topic-properties border-line-color="#558ED5" border-line-width="3pt" fo:font-family="Microsoft YaHei" line-class="org.xmind.branchConnection.curve" line-color="#558ED5" line-width="1pt"/></style><style id="59bfd0jgbgfi09f1jueet1f9ps" name="" type="summary"><summary-properties line-color="#C3D69B" line-width="5pt" shape-class="org.xmind.summaryShape.square"/></style><style id="18ibf0aqhdu91nqe44qlsc69o1" name="" type="boundary"><boundary-properties fo:color="#FFFFFF" fo:font-family="Microsoft YaHei" fo:font-size="10pt" fo:font-style="italic" line-color="#77933C" line-pattern="dot" line-width="3pt" shape-class="org.xmind.boundaryShape.roundedRect" svg:fill="#C3D69B" svg:opacity=".2"/></style><style id="12mt1md3kag77s5u5iebqhnkbv" name="" type="topic"><topic-properties border-line-color="#F1BD51" border-line-width="2pt" fo:font-family="Microsoft YaHei" svg:fill="#FBF09C"/></style><style id="3okjr4808l8av82v52gm3rtheu" name="" type="topic"><topic-properties border-line-color="#558ED5" border-line-width="5pt" fo:color="#376092" fo:font-family="Microsoft YaHei" line-class="org.xmind.branchConnection.curve" line-color="#558ED5" line-width="1pt" shape-class="org.xmind.topicShape.roundedRect" svg:fill="#DCE6F2"/></style><style id="2u7tvg7chas6cakibb2nqvrn86" name="" type="topic"><topic-properties border-line-color="#558ED5" border-line-width="2pt" fo:color="#17375E" fo:font-family="Microsoft YaHei" line-class="org.xmind.branchConnection.curve" line-color="#558ED5" line-width="1pt" shape-class="org.xmind.topicShape.roundedRect" svg:fill="#DCE6F2"/></style><style id="1daids9qobg8uv8a21c9f9veq8" name="" type="topic"><topic-properties border-line-width="0pt" fo:color="#FFFFFF" fo:font-family="Microsoft YaHei" fo:font-size="10pt" fo:font-style="italic" line-class="org.xmind.branchConnection.curve" shape-class="org.xmind.topicShape.roundedRect" svg:fill="#77933C"/></style><style id="3nre54nlhsmtvh4gvedlcg2ogp" name="" type="topic"><topic-properties border-line-width="0pt" fo:color="#FFFFFF" fo:font-family="Microsoft YaHei" fo:font-weight="bold" line-color="#558ED5" svg:fill="#558ED5"/></style><style id="2svgp4ignru5oi8ne6theh21s5" name="" type="relationship"><relationship-properties arrow-end-class="org.xmind.arrowShape.triangle" fo:color="#595959" fo:font-family="Microsoft YaHei" fo:font-size="10pt" fo:font-style="italic" fo:font-weight="normal" fo:text-decoration="none" line-color="#77933C" line-pattern="dash" line-width="3pt"/></style><style id="0rc2ven9uc9ju71q1cr5hr6co3" name="" type="map"><map-properties color-gradient="none" line-tapered="none" multi-line-colors="none" svg:fill="#FFFFFF"/></style></automatic-styles><master-styles><style id="7eshcoo9d5r7v9kc5jrf5ndsrg" name="专业" type="theme"><theme-properties><default-style style-family="subTopic" style-id="3vnr1hdjqjvvm12109p4qrkn59"/><default-style style-family="summary" style-id="59bfd0jgbgfi09f1jueet1f9ps"/><default-style style-family="boundary" style-id="18ibf0aqhdu91nqe44qlsc69o1"/><default-style style-family="calloutTopic" style-id="12mt1md3kag77s5u5iebqhnkbv"/><default-style style-family="centralTopic" style-id="3okjr4808l8av82v52gm3rtheu"/><default-style style-family="mainTopic" style-id="2u7tvg7chas6cakibb2nqvrn86"/><default-style style-family="summaryTopic" style-id="1daids9qobg8uv8a21c9f9veq8"/><default-style style-family="floatingTopic" style-id="3nre54nlhsmtvh4gvedlcg2ogp"/><default-style style-family="relationship" style-id="2svgp4ignru5oi8ne6theh21s5"/><default-style style-family="map" style-id="0rc2ven9uc9ju71q1cr5hr6co3"/></theme-properties></style></master-styles></xmap-styles>