<?xml version="1.0" encoding="UTF-8" standalone="no"?><xmap-revision-content xmlns="urn:xmind:xmap:xmlns:revision:1.0" xmlns:fo="http://www.w3.org/1999/XSL/Format" xmlns:svg="http://www.w3.org/2000/svg" xmlns:xhtml="http://www.w3.org/1999/xhtml" xmlns:xlink="http://www.w3.org/1999/xlink"><sheet id="4gc043q7eant9legm44qjurb69" modified-by="JIAYU_WANG" theme="7eshcoo9d5r7v9kc5jrf5ndsrg" timestamp="1547553534821" xmlns="urn:xmind:xmap:xmlns:content:2.0"><topic id="7blar10pr8c97l3m9vbr4nv44v" modified-by="JIAYU_WANG" structure-class="org.xmind.ui.map.unbalanced" timestamp="1547516915334"><title>测试项目</title><children><topics type="attached"><topic id="0b5ru5olk268imuuf461svm9a9" modified-by="JIAYU_WANG" timestamp="1547516638846"><title>模块</title><children><topics type="attached"><topic id="0o4uvacv1p58h2vacih15at9ac" modified-by="JIAYU_WANG" timestamp="1547516645149"><title>功能</title><children><topics type="attached"><topic id="4u43jgo69ffq6mqh0e7qirngv7" modified-by="JIAYU_WANG" timestamp="1547516663210"><title>子功能</title><children><topics type="attached"><topic id="7g8ub25q49c376h7g5jllu3vm9" modified-by="JIAYU_WANG" timestamp="1547553534821"><title>确认点</title><children><topics type="attached"><topic id="5sj0fhk34p4bsl6qcngbndgimk" modified-by="JIAYU_WANG" timestamp="1547516904124"><title>正确存取</title><children><topics type="attached"><topic id="71pb9bvspfinrr1s0d017nh4rg" modified-by="JIAYU_WANG" timestamp="1547516917181"><title>操作</title><children><topics type="attached"><topic id="44hir6vr89q6vk9g54tpds73o6" modified-by="JIAYU_WANG" timestamp="1547516917139"><title>操作</title><children><topics type="attached"><topic id="4hfj693cfguvshh1g24ffmk1lt" modified-by="JIAYU_WANG" timestamp="1547516917138"><title>balabala</title><children><topics type="attached"><topic id="5k0kpfrts1fvao2s6unpc2vq57" modified-by="JIAYU_WANG" timestamp="1547516917138"><title>结果</title></topic></topics></children></topic></topics></children></topic></topics></children></topic></topics></children></topic></topics></children></topic></topics></children></topic></topics></children></topic></topics></children></topic><topic id="6pj9dghlsepgbhh6tgv8f9e43f" modified-by="JIAYU_WANG" timestamp="1547516750393"><title>模块</title><children><topics type="attached"><topic id="721i5o3g1qdv9mfagp7ies919d" modified-by="JIAYU_WANG" timestamp="1547516932607"><title>功能</title><children><topics type="attached"><topic id="09b99mne4b7lmkvb4q5oqsvapj" modified-by="JIAYU_WANG" timestamp="1547536870557"><title>确认点</title><children><topics type="attached"><topic id="54sh1td96p2o927sih78ojmrjp" modified-by="JIAYU_WANG" timestamp="1547536935717"><title>正确存取</title><children><topics type="attached"><topic id="0cmfubpfem7ib97t4gvrle6bki" modified-by="JIAYU_WANG" timestamp="1547536944265"><title>操作</title><children><topics type="attached"><topic id="1fip42nkithm4lrg6sormet39s" modified-by="JIAYU_WANG" timestamp="1547536948133"><title>操作</title><children><topics type="attached"><topic id="7svoh0bcssosh0esdm8etqjjan" modified-by="JIAYU_WANG" timestamp="1547536954239"><title>结果</title></topic></topics></children></topic></topics></children></topic></topics></children></topic></topics></children></topic></topics></children></topic></topics></children></topic></topics></children><extensions><extension provider="org.xmind.ui.map.unbalanced"><content><right-number>2</right-number></content></extension></extensions></topic><title>画布 1</title></sheet></xmap-revision-content>